{"count":1,"self":53.875827199999996,"total":57.7822897,"children":{"InitializeActuators":{"count":8,"self":0.0040006999999999994,"total":0.0040006999999999994,"children":null},"InitializeSensors":{"count":8,"self":0.0050009999999999994,"total":0.0050009999999999994,"children":null},"AgentSendState":{"count":2470,"self":0.089934199999999992,"total":0.22814759999999998,"children":{"CollectObservations":{"count":3952,"self":0.0220793,"total":0.0220793,"children":null},"WriteActionMask":{"count":3952,"self":0.0220916,"total":0.0220916,"children":null},"RequestDecision":{"count":3952,"self":0.0940425,"total":0.0940425,"children":null}}},"DecideAction":{"count":2470,"self":2.9462075999999997,"total":3.5165389,"children":{"RayPerceptionSensor.Perceive":{"count":7904,"self":0.57033139999999993,"total":0.57033139999999993,"children":null}}},"AgentAct":{"count":2470,"self":0.149776,"total":0.149776,"children":null}},"gauges":{"Striker.CumulativeReward":{"count":101,"max":1.972002,"min":0.6629969,"runningAverage":0.9495017,"value":0.958000064,"weightedAverage":0.948731542}},"metadata":{"timer_format_version":"0.1.0","start_time_seconds":"1611358089","unity_version":"2019.4.18f1","command_line_arguments":"C:\\Program Files\\Unity\\Hub\\Editor\\2019.4.18f1\\Editor\\Unity.exe -projectpath D:\/Desktop\/UnityProjects\/Reto1ML -useHub -hubIPC -cloudEnvironment production -hubSessionId fb012bc0-5ceb-11eb-a83a-030bd370c398 -accessToken 0tN_0R7Fi4oQaGMgRNmKOCDdhuik8y5rzvU-tnVAaHg004f","communication_protocol_version":"1.3.0","com.unity.ml-agents_version":"1.7.2-preview","scene_name":"Penalty","end_time_seconds":"1611358146"}}